epoch_s,host,state,usage,time_us,ncpu,avg_mhz
1790158813.613075011,localhost,C1,81333000,33250916763,40,1630
1790158813.613075011,localhost,C1E,1200719431,260817887329,40,1630
1790158813.613075011,localhost,C6,1788596732,266537656931252,40,1630
1790158813.613075011,localhost,POLL,3428711,125427696,40,1630
1790158814.555292849,localhost,C1,81333175,33250995506,40,1415
1790158814.555292849,localhost,C1E,1200728579,260849343540,40,1415
1790158814.555292849,localhost,C6,1788596732,266537656931252,40,1415
1790158814.555292849,localhost,POLL,3428748,125428820,40,1415
1790158814.677239219,localhost,C1,81333233,33251032061,40,1213
1790158814.677239219,localhost,C1E,1200730228,260876409598,40,1213
1790158814.677239219,localhost,C6,1788596732,266537656931252,40,1213
1790158814.677239219,localhost,POLL,3428749,125428826,40,1213
1790158815.621082904,localhost,C1,81333384,33251042254,40,1515
1790158815.621082904,localhost,C1E,1200739366,260910619144,40,1515
1790158815.621082904,localhost,C6,1788596732,266537656931252,40,1515
1790158815.621082904,localhost,POLL,3428775,125429632,40,1515
1790158815.744811349,localhost,C1,81333412,33251042625,40,1440
1790158815.744811349,localhost,C1E,1200741454,260914643768,40,1440
1790158815.744811349,localhost,C6,1788596732,266537656931252,40,1440
1790158815.744811349,localhost,POLL,3428779,125429752,40,1440
1790158816.690043178,localhost,C1,81333687,33251085894,40,1342
1790158816.690043178,localhost,C1E,1200750719,260941483233,40,1342
1790158816.690043178,localhost,C6,1788596732,266537656931252,40,1342
1790158816.690043178,localhost,POLL,3428832,125431371,40,1342
1790158816.810055337,localhost,C1,81333728,33251086657,40,1459
1790158816.810055337,localhost,C1E,1200752288,260946433248,40,1459
1790158816.810055337,localhost,C6,1788596732,266537656931252,40,1459
1790158816.810055337,localhost,POLL,3428837,125431571,40,1459
1790158817.753623848,localhost,C1,81335035,33251237689,40,1521
1790158817.753623848,localhost,C1E,1200775886,260983844278,40,1521
1790158817.753623848,localhost,C6,1788596732,266537656931252,40,1521
1790158817.753623848,localhost,POLL,3428862,125432297,40,1521
1790158817.876768986,localhost,C1,81335050,33251244048,40,1580
1790158817.876768986,localhost,C1E,1200777534,260986177384,40,1580
1790158817.876768986,localhost,C6,1788596732,266537656931252,40,1580
1790158817.876768986,localhost,POLL,3428867,125432468,40,1580
1790158818.816517375,localhost,C1,81336962,33251543463,40,1577
1790158818.816517375,localhost,C1E,1200803875,261039057581,40,1577
1790158818.816517375,localhost,C6,1788596732,266537656931252,40,1577
1790158818.816517375,localhost,POLL,3428921,125433763,40,1577
1790158818.935132966,localhost,C1,81337408,33251588125,40,1621
1790158818.935132966,localhost,C1E,1200809007,261042696223,40,1621
1790158818.935132966,localhost,C6,1788596732,266537656931252,40,1621
1790158818.935132966,localhost,POLL,3428927,125433934,40,1621
1790158819.886233000,localhost,C1,81341660,33252144235,40,1863
1790158819.886233000,localhost,C1E,1200849687,261075999170,40,1863
1790158819.886233000,localhost,C6,1788596732,266537656931252,40,1863
1790158819.886233000,localhost,POLL,3428977,125435045,40,1863
1790158819.998240110,localhost,C1,81342151,33252226289,40,1898
1790158819.998240110,localhost,C1E,1200854557,261081364201,40,1898
1790158819.998240110,localhost,C6,1788596732,266537656931252,40,1898
1790158819.998240110,localhost,POLL,3428982,125435164,40,1898
1790158820.944948603,localhost,C1,81347039,33252809531,40,1842
1790158820.944948603,localhost,C1E,1200895827,261118554430,40,1842
1790158820.944948603,localhost,C6,1788596732,266537656931252,40,1842
1790158820.944948603,localhost,POLL,3429033,125436446,40,1842
1790158821.054013177,localhost,C1,81347990,33252899701,40,1794
1790158821.054013177,localhost,C1E,1200900821,261123827883,40,1794
1790158821.054013177,localhost,C6,1788596732,266537656931252,40,1794
1790158821.054013177,localhost,POLL,3429042,125436610,40,1794
1790158822.005201382,localhost,C1,81354342,33253846514,40,1682
1790158822.005201382,localhost,C1E,1200941174,261155821098,40,1682
1790158822.005201382,localhost,C6,1788596732,266537656931252,40,1682
1790158822.005201382,localhost,POLL,3429096,125437683,40,1682
1790158822.111361928,localhost,C1,81354908,33253953019,40,1930
1790158822.111361928,localhost,C1E,1200945982,261161321703,40,1930
1790158822.111361928,localhost,C6,1788596732,266537656931252,40,1930
1790158822.111361928,localhost,POLL,3429099,125437748,40,1930
1790158823.066686340,localhost,C1,81361586,33254870285,40,1536
1790158823.066686340,localhost,C1E,1200988289,261200297848,40,1536
1790158823.066686340,localhost,C6,1788596732,266537656931252,40,1536
1790158823.066686340,localhost,POLL,3429147,125438882,40,1536
1790158823.170682667,localhost,C1,81362269,33254972137,40,1832
1790158823.170682667,localhost,C1E,1200993238,261206241518,40,1832
1790158823.170682667,localhost,C6,1788596732,266537656931252,40,1832
1790158823.170682667,localhost,POLL,3429157,125439042,40,1832
1790158824.127783081,localhost,C1,81367838,33255951584,40,1705
1790158824.127783081,localhost,C1E,1201033373,261241310085,40,1705
1790158824.127783081,localhost,C6,1788596732,266537656931252,40,1705
1790158824.127783081,localhost,POLL,3429212,125440174,40,1705
1790158824.233947264,localhost,C1,81368562,33256052036,40,1966
1790158824.233947264,localhost,C1E,1201038220,261246087596,40,1966
1790158824.233947264,localhost,C6,1788596732,266537656931252,40,1966
1790158824.233947264,localhost,POLL,3429220,125440313,40,1966
1790158825.190876508,localhost,C1,81373776,33256832526,40,1948
1790158825.190876508,localhost,C1E,1201081010,261279028131,40,1948
1790158825.190876508,localhost,C6,1788596732,266537656931252,40,1948
1790158825.190876508,localhost,POLL,3429268,125441174,40,1948
1790158825.294820330,localhost,C1,81374268,33256906844,40,1864
1790158825.294820330,localhost,C1E,1201085955,261284883475,40,1864
1790158825.294820330,localhost,C6,1788596732,266537656931252,40,1864
1790158825.294820330,localhost,POLL,3429275,125441301,40,1864
1790158826.257863606,localhost,C1,81376099,33257154825,40,1547
1790158826.257863606,localhost,C1E,1201106495,261315343532,40,1547
1790158826.257863606,localhost,C6,1788596732,266537656931252,40,1547
1790158826.257863606,localhost,POLL,3429305,125442167,40,1547
1790158826.354419529,localhost,C1,81376102,33257154896,40,1665
1790158826.354419529,localhost,C1E,1201107933,261317779786,40,1665
1790158826.354419529,localhost,C6,1788596732,266537656931252,40,1665
1790158826.354419529,localhost,POLL,3429305,125442167,40,1665
1790158827.322045112,localhost,C1,81376350,33257295106,40,1220
1790158827.322045112,localhost,C1E,1201117166,261358236716,40,1220
1790158827.322045112,localhost,C6,1788596732,266537656931252,40,1220
1790158827.322045112,localhost,POLL,3429337,125442941,40,1220
1790158827.411072146,localhost,C1,81376359,33257295285,40,1497
1790158827.411072146,localhost,C1E,1201118521,261362869353,40,1497
1790158827.411072146,localhost,C6,1788596732,266537656931252,40,1497
1790158827.411072146,localhost,POLL,3429337,125442941,40,1497
1790158828.388060122,localhost,C1,81380930,33257811118,40,1576
1790158828.388060122,localhost,C1E,1201152355,261404594556,40,1576
1790158828.388060122,localhost,C6,1788596732,266537656931252,40,1576
1790158828.388060122,localhost,POLL,3429374,125443716,40,1576
1790158828.475291718,localhost,C1,81381306,33257870103,40,1755
1790158828.475291718,localhost,C1E,1201156338,261408755850,40,1755
1790158828.475291718,localhost,C6,1788596732,266537656931252,40,1755
1790158828.475291718,localhost,POLL,3429382,125443873,40,1755
1790158829.450915729,localhost,C1,81385178,33258323839,40,1671
1790158829.450915729,localhost,C1E,1201197108,261451884402,40,1671
1790158829.450915729,localhost,C6,1788596732,266537656931252,40,1671
1790158829.450915729,localhost,POLL,3429439,125444866,40,1671
1790158829.533503957,localhost,C1,81385571,33258366172,40,1944
1790158829.533503957,localhost,C1E,1201200843,261454068648,40,1944
1790158829.533503957,localhost,C6,1788596732,266537656931252,40,1944
1790158829.533503957,localhost,POLL,3429443,125444972,40,1944
1790158830.513514222,localhost,C1,81389149,33258786502,40,1882
1790158830.513514222,localhost,C1E,1201242641,261484357687,40,1882
1790158830.513514222,localhost,C6,1788596732,266537656931252,40,1882
1790158830.513514222,localhost,POLL,3429496,125446035,40,1882
1790158830.592238670,localhost,C1,81389515,33258837028,40,1794
1790158830.592238670,localhost,C1E,1201246250,261492502591,40,1794
1790158830.592238670,localhost,C6,1788596732,266537656931252,40,1794
1790158830.592238670,localhost,POLL,3429503,125446259,40,1794
1790158831.574741973,localhost,C1,81393425,33259291475,40,1804
1790158831.574741973,localhost,C1E,1201288614,261526403190,40,1804
1790158831.574741973,localhost,C6,1788596732,266537656931252,40,1804
1790158831.574741973,localhost,POLL,3429570,125447274,40,1804
1790158831.650752619,localhost,C1,81393788,33259348104,40,1882
1790158831.650752619,localhost,C1E,1201292257,261530567521,40,1882
1790158831.650752619,localhost,C6,1788596732,266537656931252,40,1882
1790158831.650752619,localhost,POLL,3429571,125447329,40,1882
1790158832.634628390,localhost,C1,81399007,33259976292,40,1754
1790158832.634628390,localhost,C1E,1201335176,261566608696,40,1754
1790158832.634628390,localhost,C6,1788596732,266537656931252,40,1754
1790158832.634628390,localhost,POLL,3429632,125448615,40,1754
1790158832.711321797,localhost,C1,81399401,33260035132,40,1896
1790158832.711321797,localhost,C1E,1201338756,261571926965,40,1896
1790158832.711321797,localhost,C6,1788596732,266537656931252,40,1896
1790158832.711321797,localhost,POLL,3429635,125448658,40,1896
1790158833.698080771,localhost,C1,81404989,33260674880,40,1663
1790158833.698080771,localhost,C1E,1201382581,261611417874,40,1663
1790158833.698080771,localhost,C6,1788596732,266537656931252,40,1663
1790158833.698080771,localhost,POLL,3429692,125449819,40,1663
1790158833.770827054,localhost,C1,81405684,33260738411,40,1829
1790158833.770827054,localhost,C1E,1201386031,261614470893,40,1829
1790158833.770827054,localhost,C6,1788596732,266537656931252,40,1829
1790158833.770827054,localhost,POLL,3429698,125449902,40,1829
1790158834.761204613,localhost,C1,81413291,33261513590,40,1755
1790158834.761204613,localhost,C1E,1201429174,261654360083,40,1755
1790158834.761204613,localhost,C6,1788596732,266537656931252,40,1755
1790158834.761204613,localhost,POLL,3429772,125451317,40,1755
1790158834.831194662,localhost,C1,81414009,33261603217,40,1736
1790158834.831194662,localhost,C1E,1201432248,261656912788,40,1736
1790158834.831194662,localhost,C6,1788596732,266537656931252,40,1736
1790158834.831194662,localhost,POLL,3429777,125451467,40,1736
1790158835.825994331,localhost,C1,81415842,33261797274,40,1442
1790158835.825994331,localhost,C1E,1201448282,261689443097,40,1442
1790158835.825994331,localhost,C6,1788596732,266537656931252,40,1442
1790158835.825994331,localhost,POLL,3429811,125452342,40,1442
1790158835.892684348,localhost,C1,81415848,33261797371,40,1542
1790158835.892684348,localhost,C1E,1201449359,261692761059,40,1542
1790158835.892684348,localhost,C6,1788596732,266537656931252,40,1542
1790158835.892684348,localhost,POLL,3429814,125452421,40,1542
1790158836.890034649,localhost,C1,81416075,33261860336,40,1492
1790158836.890034649,localhost,C1E,1201458998,261723772130,40,1492
1790158836.890034649,localhost,C6,1788596732,266537656931252,40,1492
1790158836.890034649,localhost,POLL,3429854,125453623,40,1492
1790158836.955619424,localhost,C1,81416083,33261863037,40,1497
1790158836.955619424,localhost,C1E,1201460151,261730117500,40,1497
1790158836.955619424,localhost,C6,1788596732,266537656931252,40,1497
1790158836.955619424,localhost,POLL,3429855,125453659,40,1497
1790158837.956164240,localhost,C1,81418180,33262089324,40,1620
1790158837.956164240,localhost,C1E,1201500660,261768910738,40,1620
1790158837.956164240,localhost,C6,1788596732,266537656931252,40,1620
1790158837.956164240,localhost,POLL,3429903,125454814,40,1620
1790158838.024338206,localhost,C1,81418327,33262105269,40,1811
1790158838.024338206,localhost,C1E,1201503769,261774487270,40,1811
1790158838.024338206,localhost,C6,1788596732,266537656931252,40,1811
1790158838.024338206,localhost,POLL,3429906,125454846,40,1811
1790158839.025981371,localhost,C1,81421016,33262412616,40,1749
1790158839.025981371,localhost,C1E,1201546702,261822122613,40,1749
1790158839.025981371,localhost,C6,1788596732,266537656931252,40,1749
1790158839.025981371,localhost,POLL,3429943,125455717,40,1749
1790158839.091580899,localhost,C1,81421228,33262440581,40,1683
1790158839.091580899,localhost,C1E,1201549624,261824020347,40,1683
1790158839.091580899,localhost,C6,1788596732,266537656931252,40,1683
1790158839.091580899,localhost,POLL,3429944,125455762,40,1683
1790158840.095543685,localhost,C1,81425231,33262876097,40,1691
1790158840.095543685,localhost,C1E,1201592027,261857295646,40,1691
1790158840.095543685,localhost,C6,1788596732,266537656931252,40,1691
1790158840.095543685,localhost,POLL,3429984,125456700,40,1691
1790158840.152609095,localhost,C1,81425376,33262893237,40,1715
1790158840.152609095,localhost,C1E,1201594482,261859926695,40,1715
1790158840.152609095,localhost,C6,1788596732,266537656931252,40,1715
1790158840.152609095,localhost,POLL,3429990,125456867,40,1715
1790158841.162036180,localhost,C1,81428720,33263270193,40,1712
1790158841.162036180,localhost,C1E,1201637800,261900661152,40,1712
1790158841.162036180,localhost,C6,1788596732,266537656931252,40,1712
1790158841.162036180,localhost,POLL,3430056,125458494,40,1712
1790158841.213929161,localhost,C1,81428918,33263295334,40,1846
1790158841.213929161,localhost,C1E,1201640133,261904714272,40,1846
1790158841.213929161,localhost,C6,1788596732,266537656931252,40,1846
1790158841.213929161,localhost,POLL,3430057,125458519,40,1846
1790158842.225919122,localhost,C1,81432516,33263667710,40,1847
1790158842.225919122,localhost,C1E,1201683573,261942907906,40,1847
1790158842.225919122,localhost,C6,1788596732,266537656931252,40,1847
1790158842.225919122,localhost,POLL,3430114,125459665,40,1847
1790158842.271966289,localhost,C1,81432618,33263678982,40,1981
1790158842.271966289,localhost,C1E,1201685851,261944008393,40,1981
1790158842.271966289,localhost,C6,1788596732,266537656931252,40,1981
1790158842.271966289,localhost,POLL,3430117,125459795,40,1981
1790158843.285883500,localhost,C1,81435642,33264033053,40,1681
1790158843.285883500,localhost,C1E,1201730128,261984346710,40,1681
1790158843.285883500,localhost,C6,1788596732,266537656931252,40,1681
1790158843.285883500,localhost,POLL,3430180,125461063,40,1681
1790158843.329769803,localhost,C1,81435809,33264058693,40,1735
1790158843.329769803,localhost,C1E,1201732035,261986213788,40,1735
1790158843.329769803,localhost,C6,1788596732,266537656931252,40,1735
1790158843.329769803,localhost,POLL,3430183,125461107,40,1735
1790158844.350137461,localhost,C1,81438705,33264361094,40,1866
1790158844.350137461,localhost,C1E,1201775984,262024127034,40,1866
1790158844.350137461,localhost,C6,1788596732,266537656931252,40,1866
1790158844.350137461,localhost,POLL,3430235,125462357,40,1866
1790158844.390787226,localhost,C1,81438867,33264397138,40,1814
1790158844.390787226,localhost,C1E,1201777859,262027950081,40,1814
1790158844.390787226,localhost,C6,1788596732,266537656931252,40,1814
1790158844.390787226,localhost,POLL,3430236,125462361,40,1814
1790158845.413655445,localhost,C1,81440745,33264621934,40,1695
1790158845.413655445,localhost,C1E,1201810146,262056796859,40,1695
1790158845.413655445,localhost,C6,1788596732,266537656931252,40,1695
1790158845.413655445,localhost,POLL,3430281,125463302,40,1695
1790158845.454568480,localhost,C1,81440749,33264621934,40,1617
1790158845.454568480,localhost,C1E,1201810882,262058442902,40,1617
1790158845.454568480,localhost,C6,1788596732,266537656931252,40,1617
1790158845.454568480,localhost,POLL,3430281,125463302,40,1617
1790158846.474973244,localhost,C1,81440958,33264669001,40,1668
1790158846.474973244,localhost,C1E,1201820825,262101023649,40,1668
1790158846.474973244,localhost,C6,1788596732,266537656931252,40,1668
1790158846.474973244,localhost,POLL,3430312,125464170,40,1668
1790158846.513654862,localhost,C1,81440965,33264669088,40,1612
1790158846.513654862,localhost,C1E,1201821524,262104492784,40,1612
1790158846.513654862,localhost,C6,1788596732,266537656931252,40,1612
1790158846.513654862,localhost,POLL,3430312,125464170,40,1612
1790158847.539103710,localhost,C1,81442168,33264821978,40,1666
1790158847.539103710,localhost,C1E,1201843198,262145693605,40,1666
1790158847.539103710,localhost,C6,1788596732,266537656931252,40,1666
1790158847.539103710,localhost,POLL,3430342,125464930,40,1666
1790158847.576685100,localhost,C1,81442322,33264842024,40,1686
1790158847.576685100,localhost,C1E,1201844982,262149593487,40,1686
1790158847.576685100,localhost,C6,1788596732,266537656931252,40,1686
1790158847.576685100,localhost,POLL,3430346,125465007,40,1686
1790158848.605704849,localhost,C1,81445028,33265140797,40,1680
1790158848.605704849,localhost,C1E,1201888932,262187127744,40,1680
1790158848.605704849,localhost,C6,1788596732,266537656931252,40,1680
1790158848.605704849,localhost,POLL,3430393,125466120,40,1680
1790158848.643540516,localhost,C1,81445217,33265167181,40,1655
1790158848.643540516,localhost,C1E,1201890479,262189087522,40,1655
1790158848.643540516,localhost,C6,1788596732,266537656931252,40,1655
1790158848.643540516,localhost,POLL,3430395,125466155,40,1655
1790158849.672269133,localhost,C1,81448144,33265493149,40,1807
1790158849.672269133,localhost,C1E,1201934425,262233691188,40,1807
1790158849.672269133,localhost,C6,1788596732,266537656931252,40,1807
1790158849.672269133,localhost,POLL,3430451,125467412,40,1807
1790158849.702200157,localhost,C1,81448266,33265505770,40,1737
1790158849.702200157,localhost,C1E,1201935815,262234960982,40,1737
1790158849.702200157,localhost,C6,1788596732,266537656931252,40,1737
1790158849.702200157,localhost,POLL,3430452,125467437,40,1737
1790158850.735514316,localhost,C1,81449612,33265649365,40,1700
1790158850.735514316,localhost,C1E,1201980781,262278183375,40,1700
1790158850.735514316,localhost,C6,1788596732,266537656931252,40,1700
1790158850.735514316,localhost,POLL,3430498,125468691,40,1700
1790158850.764523080,localhost,C1,81449667,33265658623,40,1741
1790158850.764523080,localhost,C1E,1201981971,262279110107,40,1741
1790158850.764523080,localhost,C6,1788596732,266537656931252,40,1741
1790158850.764523080,localhost,POLL,3430503,125468778,40,1741
1790158851.806637081,localhost,C1,81451213,33265811533,40,1840
1790158851.806637081,localhost,C1E,1202026532,262314282532,40,1840
1790158851.806637081,localhost,C6,1788596732,266537656931252,40,1840
1790158851.806637081,localhost,POLL,3430567,125470228,40,1840
1790158851.832570695,localhost,C1,81451265,33265816652,40,1759
1790158851.832570695,localhost,C1E,1202027581,262315157281,40,1759
1790158851.832570695,localhost,C6,1788596732,266537656931252,40,1759
1790158851.832570695,localhost,POLL,3430570,125470321,40,1759
1790158852.874635650,localhost,C1,81452943,33265967384,40,1845
1790158852.874635650,localhost,C1E,1202072563,262355913721,40,1845
1790158852.874635650,localhost,C6,1788596732,266537656931252,40,1845
1790158852.874635650,localhost,POLL,3430614,125471529,40,1845
1790158852.895484137,localhost,C1,81452979,33265973693,40,1694
1790158852.895484137,localhost,C1E,1202073519,262359268989,40,1694
1790158852.895484137,localhost,C6,1788596732,266537656931252,40,1694
1790158852.895484137,localhost,POLL,3430616,125471562,40,1694
1790158853.941218685,localhost,C1,81454417,33266118559,40,1797
1790158853.941218685,localhost,C1E,1202117854,262399903883,40,1797
1790158853.941218685,localhost,C6,1788596732,266537656931252,40,1797
1790158853.941218685,localhost,POLL,3430675,125473085,40,1797
1790158853.959902103,localhost,C1,81454445,33266125031,40,1748
1790158853.959902103,localhost,C1E,1202118767,262400217984,40,1748
1790158853.959902103,localhost,C6,1788596732,266537656931252,40,1748
1790158853.959902103,localhost,POLL,3430677,125473129,40,1748
1790158855.004892470,localhost,C1,81456442,33266360262,40,1714
1790158855.004892470,localhost,C1E,1202162984,262441649361,40,1714
1790158855.004892470,localhost,C6,1788596732,266537656931252,40,1714
1790158855.004892470,localhost,POLL,3430733,125474512,40,1714
1790158855.020510208,localhost,C1,81456468,33266362842,40,1748
1790158855.020510208,localhost,C1E,1202163798,262443026081,40,1748
1790158855.020510208,localhost,C6,1788596732,266537656931252,40,1748
1790158855.020510208,localhost,POLL,3430733,125474512,40,1748
1790158856.069200706,localhost,C1,81457191,33266431018,40,1755
1790158856.069200706,localhost,C1E,1202188894,262476324656,40,1755
1790158856.069200706,localhost,C6,1788596732,266537656931252,40,1755
1790158856.069200706,localhost,POLL,3430758,125475227,40,1755
1790158856.084766721,localhost,C1,81457193,33266431105,40,1793
1790158856.084766721,localhost,C1E,1202189207,262476705322,40,1793
1790158856.084766721,localhost,C6,1788596732,266537656931252,40,1793
1790158856.084766721,localhost,POLL,3430758,125475249,40,1793
1790158857.135085889,localhost,C1,81457339,33266509052,40,1691
1790158857.135085889,localhost,C1E,1202199705,262510235550,40,1691
1790158857.135085889,localhost,C6,1788596732,266537656931252,40,1691
1790158857.135085889,localhost,POLL,3430780,125475930,40,1691
1790158857.154742441,localhost,C1,81457342,33266509092,40,1553
1790158857.154742441,localhost,C1E,1202200027,262515057653,40,1553
1790158857.154742441,localhost,C6,1788596732,266537656931252,40,1553
1790158857.154742441,localhost,POLL,3430780,125475959,40,1553
1790158858.204485039,localhost,C1,81457484,33266584861,40,1762
1790158858.204485039,localhost,C1E,1202210702,262549325538,40,1762
1790158858.204485039,localhost,C6,1788596732,266537656931252,40,1762
1790158858.204485039,localhost,POLL,3430806,125476713,40,1762
1790158858.219150235,localhost,C1,81457485,33266584940,40,1624
1790158858.219150235,localhost,C1E,1202210913,262550503325,40,1624
1790158858.219150235,localhost,C6,1788596732,266537656931252,40,1624
1790158858.219150235,localhost,POLL,3430807,125476754,40,1624
1790158859.274947918,localhost,C1,81457749,33266657258,40,1694
1790158859.274947918,localhost,C1E,1202224111,262605572552,40,1694
1790158859.274947918,localhost,C6,1788596732,266537656931252,40,1694
1790158859.274947918,localhost,POLL,3430825,125477291,40,1694
1790158859.284092637,localhost,C1,81457758,33266659584,40,1771
1790158859.284092637,localhost,C1E,1202224434,262606373194,40,1771
1790158859.284092637,localhost,C6,1788596732,266537656931252,40,1771
1790158859.284092637,localhost,POLL,3430825,125477291,40,1771
1790158860.342438237,localhost,C1,81458899,33266758371,40,1697
1790158860.342438237,localhost,C1E,1202267149,262646978325,40,1697
1790158860.342438237,localhost,C6,1788596732,266537656931252,40,1697
1790158860.342438237,localhost,POLL,3430880,125478559,40,1697
1790158860.351799917,localhost,C1,81458910,33266758473,40,1728
1790158860.351799917,localhost,C1E,1202267442,262647223606,40,1728
1790158860.351799917,localhost,C6,1788596732,266537656931252,40,1728
1790158860.351799917,localhost,POLL,3430880,125478559,40,1728
1790158861.415259515,localhost,C1,81460391,33266878885,40,1750
1790158861.415259515,localhost,C1E,1202312153,262694649065,40,1750
1790158861.415259515,localhost,C6,1788596732,266537656931252,40,1750
1790158861.415259515,localhost,POLL,3430931,125479863,40,1750
1790158861.420192698,localhost,C1,81460407,33266879813,40,1833
1790158861.420192698,localhost,C1E,1202312403,262694939162,40,1833
1790158861.420192698,localhost,C6,1788596732,266537656931252,40,1833
1790158861.420192698,localhost,POLL,3430931,125479863,40,1833
1790158862.476519880,localhost,C1,81461945,33267010139,40,1871
1790158862.476519880,localhost,C1E,1202356996,262729390677,40,1871
1790158862.476519880,localhost,C6,1788596732,266537656931252,40,1871
1790158862.476519880,localhost,POLL,3430986,125481304,40,1871
1790158862.481144253,localhost,C1,81461949,33267010841,40,1942
1790158862.481144253,localhost,C1E,1202357208,262732450011,40,1942
1790158862.481144253,localhost,C6,1788596732,266537656931252,40,1942
1790158862.481144253,localhost,POLL,3430986,125481304,40,1942
1790158863.547185516,localhost,C1,81463131,33267102104,40,1734
1790158863.547185516,localhost,C1E,1202400128,262769973101,40,1734
1790158863.547185516,localhost,C6,1788596732,266537656931252,40,1734
1790158863.547185516,localhost,POLL,3431038,125482697,40,1734
1790158863.545401448,localhost,C1,81463130,33267102104,40,1734
1790158863.545401448,localhost,C1E,1202400100,262769968652,40,1734
1790158863.545401448,localhost,C6,1788596732,266537656931252,40,1734
1790158863.545401448,localhost,POLL,3431038,125482697,40,1734
1790158864.614497963,localhost,C1,81464439,33267212180,40,1730
1790158864.614497963,localhost,C1E,1202442727,262815631252,40,1730
1790158864.614497963,localhost,C6,1788596732,266537656931252,40,1730
1790158864.614497963,localhost,POLL,3431078,125483821,40,1730
1790158864.618447405,localhost,C1,81464450,33267214969,40,1745
1790158864.618447405,localhost,C1E,1202443039,262815744876,40,1745
1790158864.618447405,localhost,C6,1788596732,266537656931252,40,1745
1790158864.618447405,localhost,POLL,3431079,125483847,40,1745
1790158865.681849763,localhost,C1,81465985,33267361376,40,1782
1790158865.681849763,localhost,C1E,1202486778,262859813245,40,1782
1790158865.681849763,localhost,C6,1788596732,266537656931252,40,1782
1790158865.681849763,localhost,POLL,3431119,125484843,40,1782
1790158865.688861984,localhost,C1,81465989,33267361529,40,1857
1790158865.688861984,localhost,C1E,1202487019,262859916845,40,1857
1790158865.688861984,localhost,C6,1788596732,266537656931252,40,1857
1790158865.688861984,localhost,POLL,3431119,125484843,40,1857
1790158866.751335082,localhost,C1,81467376,33267486776,40,1599
1790158866.751335082,localhost,C1E,1202519817,262903035031,40,1599
1790158866.751335082,localhost,C6,1788596732,266537656931252,40,1599
1790158866.751335082,localhost,POLL,3431165,125485878,40,1599
1790158866.757044959,localhost,C1,81467386,33267486820,40,1565
1790158866.757044959,localhost,C1E,1202520068,262903125035,40,1565
1790158866.757044959,localhost,C6,1788596732,266537656931252,40,1565
1790158866.757044959,localhost,POLL,3431165,125485878,40,1565
1790158867.820928559,localhost,C1,81468879,33267618801,40,1779
1790158867.820928559,localhost,C1E,1202562983,262940385605,40,1779
1790158867.820928559,localhost,C6,1788596732,266537656931252,40,1779
1790158867.820928559,localhost,POLL,3431215,125487330,40,1779
1790158867.827003537,localhost,C1,81468897,33267618886,40,1810
1790158867.827003537,localhost,C1E,1202563302,262940699493,40,1810
1790158867.827003537,localhost,C6,1788596732,266537656931252,40,1810
1790158867.827003537,localhost,POLL,3431215,125487330,40,1810
1790158868.888340436,localhost,C1,81469609,33267699507,40,1620
1790158868.888340436,localhost,C1E,1202589930,262975700872,40,1620
1790158868.888340436,localhost,C6,1788596732,266537656931252,40,1620
1790158868.888340436,localhost,POLL,3431252,125488304,40,1620
1790158868.895760233,localhost,C1,81469609,33267699507,40,1793
1790158868.895760233,localhost,C1E,1202590047,262976033647,40,1793
1790158868.895760233,localhost,C6,1788596732,266537656931252,40,1793
1790158868.895760233,localhost,POLL,3431252,125488304,40,1793
1790158869.958272546,localhost,C1,81469848,33267756613,40,1747
1790158869.958272546,localhost,C1E,1202600791,263011826318,40,1747
1790158869.958272546,localhost,C6,1788596732,266537656931252,40,1747
1790158869.958272546,localhost,POLL,3431281,125489238,40,1747
1790158869.965240818,localhost,C1,81469849,33267756613,40,1780
1790158869.965240818,localhost,C1E,1202600923,263011938423,40,1780
1790158869.965240818,localhost,C6,1788596732,266537656931252,40,1780
1790158869.965240818,localhost,POLL,3431281,125489238,40,1780
1790158871.027752614,localhost,C1,81470131,33267855029,40,1504
1790158871.027752614,localhost,C1E,1202611681,263067234150,40,1504
1790158871.027752614,localhost,C6,1788596732,266537656931252,40,1504
1790158871.027752614,localhost,POLL,3431298,125489722,40,1504
1790158871.022815189,localhost,C1,81470131,33267854997,40,1574
1790158871.022815189,localhost,C1E,1202611598,263066550166,40,1574
1790158871.022815189,localhost,C6,1788596732,266537656931252,40,1574
1790158871.022815189,localhost,POLL,3431298,125489701,40,1574
1790158872.091861829,localhost,C1,81470472,33267892994,40,1774
1790158872.091861829,localhost,C1E,1202628671,263103330613,40,1774
1790158872.091861829,localhost,C6,1788596732,266537656931252,40,1774
1790158872.091861829,localhost,POLL,3431317,125490292,40,1774
1790158872.093242327,localhost,C1,81470472,33267893154,40,1784
1790158872.093242327,localhost,C1E,1202628774,263103377423,40,1784
1790158872.093242327,localhost,C6,1788596732,266537656931252,40,1784
1790158872.093242327,localhost,POLL,3431317,125490292,40,1784
1790158873.152805347,localhost,C1,81471042,33267939833,40,1685
1790158873.152805347,localhost,C1E,1202663377,263148064078,40,1685
1790158873.152805347,localhost,C6,1788596732,266537656931252,40,1685
1790158873.152805347,localhost,POLL,3431357,125491436,40,1685
1790158873.154694073,localhost,C1,81471044,33267940588,40,1730
1790158873.154694073,localhost,C1E,1202663538,263148121631,40,1730
1790158873.154694073,localhost,C6,1788596732,266537656931252,40,1730
1790158873.154694073,localhost,POLL,3431357,125491436,40,1730
1790158874.221503455,localhost,C1,81471986,33268031343,40,1942
1790158874.221503455,localhost,C1E,1202694285,263192965141,40,1942
1790158874.221503455,localhost,C6,1788596732,266537656931252,40,1942
1790158874.221503455,localhost,POLL,3431396,125492754,40,1942
1790158874.223213646,localhost,C1,81471987,33268031442,40,1938
1790158874.223213646,localhost,C1E,1202694346,263194007507,40,1938
1790158874.223213646,localhost,C6,1788596732,266537656931252,40,1938
1790158874.223213646,localhost,POLL,3431396,125492754,40,1938
1790158875.290234933,localhost,C1,81472750,33268097758,40,1730
1790158875.290234933,localhost,C1E,1202724446,263232601285,40,1730
1790158875.290234933,localhost,C6,1788596732,266537656931252,40,1730
1790158875.290234933,localhost,POLL,3431437,125493823,40,1730
1790158875.293656304,localhost,C1,81472752,33268097758,40,1757
1790158875.293656304,localhost,C1E,1202724476,263232608963,40,1757
1790158875.293656304,localhost,C6,1788596732,266537656931252,40,1757
1790158875.293656304,localhost,POLL,3431437,125493823,40,1757
1790158876.360074984,localhost,C1,81473706,33268165993,40,1851
1790158876.360074984,localhost,C1E,1202764692,263276054177,40,1851
1790158876.360074984,localhost,C6,1788596732,266537656931252,40,1851
1790158876.360074984,localhost,POLL,3431493,125495497,40,1851
1790158876.361455227,localhost,C1,81473709,33268166185,40,1852
1790158876.361455227,localhost,C1E,1202764728,263276087291,40,1852
1790158876.361455227,localhost,C6,1788596732,266537656931252,40,1852
1790158876.361455227,localhost,POLL,3431493,125495497,40,1852
1790158877.429926697,localhost,C1,81474574,33268233855,40,1790
1790158877.429926697,localhost,C1E,1202803824,263314326328,40,1790
1790158877.429926697,localhost,C6,1788596732,266537656931252,40,1790
1790158877.429926697,localhost,POLL,3431543,125496859,40,1790
1790158877.428692684,localhost,C1,81474574,33268233716,40,1790
1790158877.428692684,localhost,C1E,1202803737,263314198224,40,1790
1790158877.428692684,localhost,C6,1788596732,266537656931252,40,1790
1790158877.428692684,localhost,POLL,3431543,125496859,40,1790
1790158878.497538954,localhost,C1,81475378,33268316464,40,1708
1790158878.497538954,localhost,C1E,1202843329,263353805269,40,1708
1790158878.497538954,localhost,C6,1788596732,266537656931252,40,1708
1790158878.497538954,localhost,POLL,3431587,125498295,40,1708
1790158878.497934655,localhost,C1,81475382,33268317027,40,1763
1790158878.497934655,localhost,C1E,1202843481,263353878585,40,1763
1790158878.497934655,localhost,C6,1788596732,266537656931252,40,1763
1790158878.497934655,localhost,POLL,3431587,125498295,40,1763
1790158879.560883882,localhost,C1,81475806,33268359175,40,1884
1790158879.560883882,localhost,C1E,1202875541,263397929162,40,1884
1790158879.560883882,localhost,C6,1788596732,266537656931252,40,1884
1790158879.560883882,localhost,POLL,3431619,125499457,40,1884
1790158879.567924436,localhost,C1,81475808,33268359415,40,1927
1790158879.567924436,localhost,C1E,1202875847,263400130895,40,1927
1790158879.567924436,localhost,C6,1788596732,266537656931252,40,1927
1790158879.567924436,localhost,POLL,3431620,125499514,40,1927
1790158880.630431806,localhost,C1,81476481,33268431463,40,1857
1790158880.630431806,localhost,C1E,1202908686,263442619994,40,1857
1790158880.630431806,localhost,C6,1788596732,266537656931252,40,1857
1790158880.630431806,localhost,POLL,3431656,125500514,40,1857
1790158880.636992533,localhost,C1,81476503,33268432690,40,1649
1790158880.636992533,localhost,C1E,1202909089,263442939794,40,1649
1790158880.636992533,localhost,C6,1788596732,266537656931252,40,1649
1790158880.636992533,localhost,POLL,3431658,125500524,40,1649
1790158881.692290140,localhost,C1,81477481,33268527178,40,1739
1790158881.692290140,localhost,C1E,1202944021,263485092804,40,1739
1790158881.692290140,localhost,C6,1788596732,266537656931252,40,1739
1790158881.692290140,localhost,POLL,3431713,125502272,40,1739
1790158881.700072370,localhost,C1,81477500,33268528153,40,1844
1790158881.700072370,localhost,C1E,1202944410,263485394838,40,1844
1790158881.700072370,localhost,C6,1788596732,266537656931252,40,1844
1790158881.700072370,localhost,POLL,3431714,125502272,40,1844
1790158882.760141919,localhost,C1,81478664,33268650537,40,1676
1790158882.760141919,localhost,C1E,1202981024,263528815917,40,1676
1790158882.760141919,localhost,C6,1788596732,266537656931252,40,1676
1790158882.760141919,localhost,POLL,3431783,125504309,40,1676
1790158882.770592552,localhost,C1,81478669,33268651804,40,1830
1790158882.770592552,localhost,C1E,1202981310,263528890894,40,1830
1790158882.770592552,localhost,C6,1788596732,266537656931252,40,1830
1790158882.770592552,localhost,POLL,3431785,125504309,40,1830
1790158883.831373297,localhost,C1,81479017,33268714537,40,1625
1790158883.831373297,localhost,C1E,1202997642,263560062229,40,1625
1790158883.831373297,localhost,C6,1788596732,266537656931252,40,1625
1790158883.831373297,localhost,POLL,3431822,125505331,40,1625
1790158883.838386425,localhost,C1,81479018,33268714554,40,1687
1790158883.838386425,localhost,C1E,1202997748,263560133319,40,1687
1790158883.838386425,localhost,C6,1788596732,266537656931252,40,1687
1790158883.838386425,localhost,POLL,3431822,125505364,40,1687
1790158884.900458369,localhost,C1,81479161,33268753528,40,1710
1790158884.900458369,localhost,C1E,1203008394,263591340494,40,1710
1790158884.900458369,localhost,C6,1788596732,266537656931252,40,1710
1790158884.900458369,localhost,POLL,3431865,125506741,40,1710
1790158884.906480048,localhost,C1,81479162,33268753550,40,1692
1790158884.906480048,localhost,C1E,1203008504,263594580531,40,1692
1790158884.906480048,localhost,C6,1788596732,266537656931252,40,1692
1790158884.906480048,localhost,POLL,3431865,125506741,40,1692
1790158885.968961846,localhost,C1,81479440,33268773423,40,1929
1790158885.968961846,localhost,C1E,1203038306,263650769734,40,1929
1790158885.968961846,localhost,C6,1788596732,266537656931252,40,1929
1790158885.968961846,localhost,POLL,3431892,125507502,40,1929
1790158885.975895088,localhost,C1,81479442,33268774045,40,2003
1790158885.975895088,localhost,C1E,1203038589,263650916187,40,2003
1790158885.975895088,localhost,C6,1788596732,266537656931252,40,2003
1790158885.975895088,localhost,POLL,3431893,125507535,40,2003
1790158887.035307129,localhost,C1,81480041,33268824741,40,1741
1790158887.035307129,localhost,C1E,1203070640,263694602772,40,1741
1790158887.035307129,localhost,C6,1788596732,266537656931252,40,1741
1790158887.035307129,localhost,POLL,3431941,125508808,40,1741
1790158887.043189531,localhost,C1,81480046,33268825177,40,1765
1790158887.043189531,localhost,C1E,1203070858,263694699431,40,1765
1790158887.043189531,localhost,C6,1788596732,266537656931252,40,1765
1790158887.043189531,localhost,POLL,3431941,125508808,40,1765
1790158888.098889196,localhost,C1,81480454,33268854425,40,1675
1790158888.098889196,localhost,C1E,1203101546,263734523512,40,1675
1790158888.098889196,localhost,C6,1788596732,266537656931252,40,1675
1790158888.098889196,localhost,POLL,3431987,125510169,40,1675
1790158888.102130970,localhost,C1,81480455,33268854429,40,1701
1790158888.102130970,localhost,C1E,1203101556,263734529193,40,1701
1790158888.102130970,localhost,C6,1788596732,266537656931252,40,1701
1790158888.102130970,localhost,POLL,3431987,125510169,40,1701
1790158889.171076209,localhost,C1,81480917,33268889233,40,1807
1790158889.171076209,localhost,C1E,1203135354,263772710767,40,1807
1790158889.171076209,localhost,C6,1788596732,266537656931252,40,1807
1790158889.171076209,localhost,POLL,3432011,125510986,40,1807
1790158889.175292744,localhost,C1,81480918,33268889233,40,1788
1790158889.175292744,localhost,C1E,1203135416,263772767284,40,1788
1790158889.175292744,localhost,C6,1788596732,266537656931252,40,1788
1790158889.175292744,localhost,POLL,3432011,125510986,40,1788
1790158890.244180569,localhost,C1,81481250,33268911726,40,1893
1790158890.244180569,localhost,C1E,1203169558,263813354582,40,1893
1790158890.244180569,localhost,C6,1788596732,266537656931252,40,1893
1790158890.244180569,localhost,POLL,3432042,125511892,40,1893
1790158890.247062810,localhost,C1,81481255,33268912052,40,1902
1790158890.247062810,localhost,C1E,1203169670,263813442657,40,1902
1790158890.247062810,localhost,C6,1788596732,266537656931252,40,1902
1790158890.247062810,localhost,POLL,3432043,125511924,40,1902
1790158891.310357796,localhost,C1,81481517,33268927839,40,1648
1790158891.310357796,localhost,C1E,1203196950,263859640003,40,1648
1790158891.310357796,localhost,C6,1788596732,266537656931252,40,1648
1790158891.310357796,localhost,POLL,3432070,125512626,40,1648
1790158891.316373039,localhost,C1,81481520,33268927865,40,1723
1790158891.316373039,localhost,C1E,1203197127,263860476368,40,1723
1790158891.316373039,localhost,C6,1788596732,266537656931252,40,1723
1790158891.316373039,localhost,POLL,3432070,125512626,40,1723
1790158892.377231073,localhost,C1,81481830,33268948035,40,1759
1790158892.377231073,localhost,C1E,1203226233,263901826751,40,1759
1790158892.377231073,localhost,C6,1788596732,266537656931252,40,1759
1790158892.377231073,localhost,POLL,3432100,125513558,40,1759
1790158892.385319530,localhost,C1,81481834,33268948744,40,1764
1790158892.385319530,localhost,C1E,1203226500,263902676593,40,1764
1790158892.385319530,localhost,C6,1788596732,266537656931252,40,1764
1790158892.385319530,localhost,POLL,3432101,125513558,40,1764
1790158893.439901655,localhost,C1,81482191,33268972258,40,1752
1790158893.439901655,localhost,C1E,1203254414,263945105295,40,1752
1790158893.439901655,localhost,C6,1788596732,266537656931252,40,1752
1790158893.439901655,localhost,POLL,3432132,125514524,40,1752
1790158893.448009224,localhost,C1,81482200,33268973371,40,1620
1790158893.448009224,localhost,C1E,1203254882,263945274131,40,1620
1790158893.448009224,localhost,C6,1788596732,266537656931252,40,1620
1790158893.448009224,localhost,POLL,3432134,125514524,40,1620
1790158894.499429836,localhost,C1,81482716,33269017251,40,1783
1790158894.499429836,localhost,C1E,1203285290,263981969626,40,1783
1790158894.499429836,localhost,C6,1788596732,266537656931252,40,1783
1790158894.499429836,localhost,POLL,3432166,125515424,40,1783
1790158894.510725347,localhost,C1,81482720,33269017467,40,1790
1790158894.510725347,localhost,C1E,1203285645,263983034503,40,1790
1790158894.510725347,localhost,C6,1788596732,266537656931252,40,1790
1790158894.510725347,localhost,POLL,3432166,125515424,40,1790
1790158895.567628050,localhost,C1,81483163,33269048132,40,1664
1790158895.567628050,localhost,C1E,1203315980,264022314973,40,1664
1790158895.567628050,localhost,C6,1788596732,266537656931252,40,1664
1790158895.567628050,localhost,POLL,3432203,125516496,40,1664
1790158895.564933042,localhost,C1,81483164,33269048132,40,1689
1790158895.564933042,localhost,C1E,1203316034,264022354139,40,1689
1790158895.564933042,localhost,C6,1788596732,266537656931252,40,1689
1790158895.564933042,localhost,POLL,3432203,125516496,40,1689
1790158896.628944674,localhost,C1,81483484,33269074381,40,1818
1790158896.628944674,localhost,C1E,1203344437,264062328647,40,1818
1790158896.628944674,localhost,C6,1788596732,266537656931252,40,1818
1790158896.628944674,localhost,POLL,3432229,125517291,40,1818
1790158896.634122718,localhost,C1,81483495,33269074514,40,1847
1790158896.634122718,localhost,C1E,1203344665,264064334287,40,1847
1790158896.634122718,localhost,C6,1788596732,266537656931252,40,1847
1790158896.634122718,localhost,POLL,3432229,125517291,40,1847
1790158897.699748073,localhost,C1,81483915,33269128776,40,1799
1790158897.699748073,localhost,C1E,1203379034,264101482603,40,1799
1790158897.699748073,localhost,C6,1788596732,266537656931252,40,1799
1790158897.699748073,localhost,POLL,3432258,125518349,40,1799
1790158897.702083654,localhost,C1,81483920,33269129330,40,1840
1790158897.702083654,localhost,C1E,1203379184,264101561595,40,1840
1790158897.702083654,localhost,C6,1788596732,266537656931252,40,1840
1790158897.702083654,localhost,POLL,3432258,125518349,40,1840
1790158898.770560762,localhost,C1,81484301,33269174511,40,1693
1790158898.770560762,localhost,C1E,1203408803,264153239726,40,1693
1790158898.770560762,localhost,C6,1788596732,266537656931252,40,1693
1790158898.770560762,localhost,POLL,3432296,125519458,40,1693
1790158898.766282434,localhost,C1,81484301,33269174511,40,1674
1790158898.766282434,localhost,C1E,1203408803,264153230889,40,1674
1790158898.766282434,localhost,C6,1788596732,266537656931252,40,1674
1790158898.766282434,localhost,POLL,3432296,125519458,40,1674
1790158899.841144426,localhost,C1,81484507,33269209189,40,1635
1790158899.841144426,localhost,C1E,1203424482,264184157511,40,1635
1790158899.841144426,localhost,C6,1788596732,266537656931252,40,1635
1790158899.841144426,localhost,POLL,3432322,125520420,40,1635
1790158899.840345127,localhost,C1,81484507,33269209189,40,1635
1790158899.840345127,localhost,C1E,1203424495,264184169375,40,1635
1790158899.840345127,localhost,C6,1788596732,266537656931252,40,1635
1790158899.840345127,localhost,POLL,3432322,125520420,40,1635
1790158900.913015169,localhost,C1,81484669,33269263114,40,1598
1790158900.913015169,localhost,C1E,1203435433,264221330000,40,1598
1790158900.913015169,localhost,C6,1788596732,266537656931252,40,1598
1790158900.913015169,localhost,POLL,3432350,125521300,40,1598
1790158900.911803209,localhost,C1,81484669,33269263114,40,1568
1790158900.911803209,localhost,C1E,1203435476,264221349858,40,1568
1790158900.911803209,localhost,C6,1788596732,266537656931252,40,1568
1790158900.911803209,localhost,POLL,3432350,125521300,40,1568
1790158901.980881170,localhost,C1,81484881,33269271450,40,1817
1790158901.980881170,localhost,C1E,1203463649,264273433530,40,1817
1790158901.980881170,localhost,C6,1788596732,266537656931252,40,1817
1790158901.980881170,localhost,POLL,3432371,125521928,40,1817
1790158901.983524835,localhost,C1,81484882,33269271465,40,1850
1790158901.983524835,localhost,C1E,1203463767,264273486028,40,1850
1790158901.983524835,localhost,C6,1788596732,266537656931252,40,1850
1790158901.983524835,localhost,POLL,3432371,125521928,40,1850
1790158903.052984837,localhost,C1,81485148,33269313749,40,1605
1790158903.052984837,localhost,C1E,1203486101,264319194549,40,1605
1790158903.052984837,localhost,C6,1788596732,266537656931252,40,1605
1790158903.052984837,localhost,POLL,3432395,125522725,40,1605
1790158903.047126600,localhost,C1,81485147,33269313749,40,1504
1790158903.047126600,localhost,C1E,1203486032,264319172564,40,1504
1790158903.047126600,localhost,C6,1788596732,266537656931252,40,1504
1790158903.047126600,localhost,POLL,3432394,125522725,40,1504
1790158904.119698383,localhost,C1,81485406,33269338146,40,1697
1790158904.119698383,localhost,C1E,1203507681,264354551819,40,1697
1790158904.119698383,localhost,C6,1788596732,266537656931252,40,1697
1790158904.119698383,localhost,POLL,3432419,125523502,40,1697
1790158904.120544281,localhost,C1,81485406,33269338175,40,1698
1790158904.120544281,localhost,C1E,1203507703,264354562631,40,1698
1790158904.120544281,localhost,C6,1788596732,266537656931252,40,1698
1790158904.120544281,localhost,POLL,3432419,125523502,40,1698
1790158905.188312712,localhost,C1,81485628,33269350325,40,1619
1790158905.188312712,localhost,C1E,1203529023,264396712403,40,1619
1790158905.188312712,localhost,C6,1788596732,266537656931252,40,1619
1790158905.188312712,localhost,POLL,3432439,125524233,40,1619
1790158905.191189791,localhost,C1,81485629,33269350349,40,1819
1790158905.191189791,localhost,C1E,1203529102,264396735643,40,1819
1790158905.191189791,localhost,C6,1788596732,266537656931252,40,1819
1790158905.191189791,localhost,POLL,3432439,125524233,40,1819
1790158906.258686127,localhost,C1,81485828,33269366760,40,1618
1790158906.258686127,localhost,C1E,1203556322,264441841555,40,1618
1790158906.258686127,localhost,C6,1788596732,266537656931252,40,1618
1790158906.258686127,localhost,POLL,3432467,125525034,40,1618
1790158906.260402696,localhost,C1,81485828,33269366782,40,1643
1790158906.260402696,localhost,C1E,1203556462,264442039700,40,1643
1790158906.260402696,localhost,C6,1788596732,266537656931252,40,1643
1790158906.260402696,localhost,POLL,3432467,125525034,40,1643
1790158907.327093279,localhost,C1,81486084,33269427642,40,1715
1790158907.327093279,localhost,C1E,1203583724,264482934625,40,1715
1790158907.327093279,localhost,C6,1788596732,266537656931252,40,1715
1790158907.327093279,localhost,POLL,3432496,125525815,40,1715
1790158907.331334413,localhost,C1,81486084,33269427686,40,1787
1790158907.331334413,localhost,C1E,1203583932,264483035075,40,1787
1790158907.331334413,localhost,C6,1788596732,266537656931252,40,1787
1790158907.331334413,localhost,POLL,3432496,125525815,40,1787
1790158908.400405531,localhost,C1,81486241,33269431472,40,1809
1790158908.400405531,localhost,C1E,1203611109,264525027468,40,1809
1790158908.400405531,localhost,C6,1788596732,266537656931252,40,1809
1790158908.400405531,localhost,POLL,3432522,125526510,40,1809
1790158908.395783053,localhost,C1,81486241,33269431497,40,1855
1790158908.395783053,localhost,C1E,1203611130,264525069522,40,1855
1790158908.395783053,localhost,C6,1788596732,266537656931252,40,1855
1790158908.395783053,localhost,POLL,3432522,125526510,40,1855
1790158909.468054552,localhost,C1,81486412,33269435799,40,1794
1790158909.468054552,localhost,C1E,1203638241,264561255290,40,1794
1790158909.468054552,localhost,C6,1788596732,266537656931252,40,1794
1790158909.468054552,localhost,POLL,3432550,125527299,40,1794
1790158909.469838363,localhost,C1,81486412,33269435799,40,1827
1790158909.469838363,localhost,C1E,1203638304,264561296488,40,1827
1790158909.469838363,localhost,C6,1788596732,266537656931252,40,1827
1790158909.469838363,localhost,POLL,3432550,125527299,40,1827
1790158910.536648595,localhost,C1,81486612,33269440946,40,1814
1790158910.536648595,localhost,C1E,1203664680,264596559087,40,1814
1790158910.536648595,localhost,C6,1788596732,266537656931252,40,1814
1790158910.536648595,localhost,POLL,3432573,125527994,40,1814
1790158910.539214724,localhost,C1,81486617,33269440946,40,1823
1790158910.539214724,localhost,C1E,1203664828,264596661698,40,1823
1790158910.539214724,localhost,C6,1788596732,266537656931252,40,1823
1790158910.539214724,localhost,POLL,3432573,125527994,40,1823
1790158911.605259514,localhost,C1,81486883,33269461793,40,1669
1790158911.605259514,localhost,C1E,1203690932,264646667215,40,1669
1790158911.605259514,localhost,C6,1788596732,266537656931252,40,1669
1790158911.605259514,localhost,POLL,3432598,125528712,40,1669
1790158911.608033308,localhost,C1,81486885,33269461834,40,1698
1790158911.608033308,localhost,C1E,1203691032,264646728667,40,1698
1790158911.608033308,localhost,C6,1788596732,266537656931252,40,1698
1790158911.608033308,localhost,POLL,3432598,125528712,40,1698
1790158912.679158588,localhost,C1,81487115,33269470447,40,1642
1790158912.679158588,localhost,C1E,1203716451,264687851740,40,1642
1790158912.679158588,localhost,C6,1788596732,266537656931252,40,1642
1790158912.679158588,localhost,POLL,3432622,125529357,40,1642
1790158912.679716756,localhost,C1,81487115,33269470447,40,1643
1790158912.679716756,localhost,C1E,1203716445,264687865956,40,1643
1790158912.679716756,localhost,C6,1788596732,266537656931252,40,1643
1790158912.679716756,localhost,POLL,3432622,125529357,40,1643
1790158913.748329518,localhost,C1,81487296,33269474298,40,1668
1790158913.748329518,localhost,C1E,1203741826,264730970440,40,1668
1790158913.748329518,localhost,C6,1788596732,266537656931252,40,1668
1790158913.748329518,localhost,POLL,3432637,125529815,40,1668
1790158913.752564798,localhost,C1,81487296,33269474298,40,1687
1790158913.752564798,localhost,C1E,1203741891,264731245168,40,1687
1790158913.752564798,localhost,C6,1788596732,266537656931252,40,1687
1790158913.752564798,localhost,POLL,3432637,125529815,40,1687
1790158914.821603079,localhost,C1,81487535,33269503915,40,1539
1790158914.821603079,localhost,C1E,1203768208,264779999112,40,1539
1790158914.821603079,localhost,C6,1788596732,266537656931252,40,1539
1790158914.821603079,localhost,POLL,3432667,125530630,40,1539
1790158914.819669790,localhost,C1,81487535,33269503915,40,1484
1790158914.819669790,localhost,C1E,1203768181,264780003958,40,1484
1790158914.819669790,localhost,C6,1788596732,266537656931252,40,1484
1790158914.819669790,localhost,POLL,3432667,125530630,40,1484
1790158915.891671417,localhost,C1,81487807,33269511474,40,1665
1790158915.891671417,localhost,C1E,1203795908,264819626052,40,1665
1790158915.891671417,localhost,C6,1788596732,266537656931252,40,1665
1790158915.891671417,localhost,POLL,3432702,125531588,40,1665
1790158915.893966705,localhost,C1,81487807,33269511474,40,1694
1790158915.893966705,localhost,C1E,1203795993,264819712398,40,1694
1790158915.893966705,localhost,C6,1788596732,266537656931252,40,1694
1790158915.893966705,localhost,POLL,3432702,125531588,40,1694
1790158916.962671767,localhost,C1,81488003,33269525431,40,1768
1790158916.962671767,localhost,C1E,1203822327,264855049238,40,1768
1790158916.962671767,localhost,C6,1788596732,266537656931252,40,1768
1790158916.962671767,localhost,POLL,3432722,125532206,40,1768
1790158916.966812567,localhost,C1,81488003,33269525431,40,1770
1790158916.966812567,localhost,C1E,1203822352,264855058434,40,1770
1790158916.966812567,localhost,C6,1788596732,266537656931252,40,1770
1790158916.966812567,localhost,POLL,3432722,125532206,40,1770
1790158918.030309233,localhost,C1,81488189,33269536546,40,1868
1790158918.030309233,localhost,C1E,1203846015,264892232282,40,1868
1790158918.030309233,localhost,C6,1788596732,266537656931252,40,1868
1790158918.030309233,localhost,POLL,3432740,125532781,40,1868
1790158918.028881568,localhost,C1,81488189,33269536546,40,1868
1790158918.028881568,localhost,C1E,1203845991,264892217238,40,1868
1790158918.028881568,localhost,C6,1788596732,266537656931252,40,1868
1790158918.028881568,localhost,POLL,3432740,125532781,40,1868
1790158919.093791262,localhost,C1,81488466,33269592115,40,1728
1790158919.093791262,localhost,C1E,1203871308,264943453689,40,1728
1790158919.093791262,localhost,C6,1788596732,266537656931252,40,1728
1790158919.093791262,localhost,POLL,3432771,125533472,40,1728
1790158919.096725477,localhost,C1,81488467,33269592115,40,1618
1790158919.096725477,localhost,C1E,1203871424,264944082089,40,1618
1790158919.096725477,localhost,C6,1788596732,266537656931252,40,1618
1790158919.096725477,localhost,POLL,3432771,125533472,40,1618
1790158920.157153762,localhost,C1,81488663,33269627132,40,1741
1790158920.157153762,localhost,C1E,1203896823,264982013579,40,1741
1790158920.157153762,localhost,C6,1788596732,266537656931252,40,1741
1790158920.157153762,localhost,POLL,3432788,125534024,40,1741
1790158920.164270567,localhost,C1,81488663,33269627181,40,1734
1790158920.164270567,localhost,C1E,1203897038,264983417505,40,1734
1790158920.164270567,localhost,C6,1788596732,266537656931252,40,1734
1790158920.164270567,localhost,POLL,3432788,125534024,40,1734
1790158921.222135115,localhost,C1,81488842,33269639122,40,1596
1790158921.222135115,localhost,C1E,1203921753,265023678203,40,1596
1790158921.222135115,localhost,C6,1788596732,266537656931252,40,1596
1790158921.222135115,localhost,POLL,3432810,125534669,40,1596
1790158921.230802825,localhost,C1,81488845,33269639200,40,1655
1790158921.230802825,localhost,C1E,1203922029,265024020136,40,1655
1790158921.230802825,localhost,C6,1788596732,266537656931252,40,1655
1790158921.230802825,localhost,POLL,3432810,125534669,40,1655
1790158922.287838271,localhost,C1,81489065,33269672221,40,1688
1790158922.287838271,localhost,C1E,1203943812,265058402955,40,1688
1790158922.287838271,localhost,C6,1788596732,266537656931252,40,1688
1790158922.287838271,localhost,POLL,3432837,125535478,40,1688
1790158922.298959989,localhost,C1,81489066,33269672221,40,1501
1790158922.298959989,localhost,C1E,1203944056,265058691305,40,1501
1790158922.298959989,localhost,C6,1788596732,266537656931252,40,1501
1790158922.298959989,localhost,POLL,3432837,125535478,40,1501
1790158923.358418344,localhost,C1,81489281,33269734139,40,1477
1790158923.358418344,localhost,C1E,1203954648,265103528405,40,1477
1790158923.358418344,localhost,C6,1788596732,266537656931252,40,1477
1790158923.358418344,localhost,POLL,3432883,125536812,40,1477
1790158923.369945148,localhost,C1,81489284,33269734168,40,1503
1790158923.369945148,localhost,C1E,1203954857,265104487410,40,1503
1790158923.369945148,localhost,C6,1788596732,266537656931252,40,1503
1790158923.369945148,localhost,POLL,3432885,125536847,40,1503
1790158924.427486561,localhost,C1,81489409,33269773927,40,1564
1790158924.427486561,localhost,C1E,1203965522,265145959452,40,1564
1790158924.427486561,localhost,C6,1788596732,266537656931252,40,1564
1790158924.427486561,localhost,POLL,3432931,125538295,40,1564
1790158924.437081431,localhost,C1,81489410,33269773936,40,1640
1790158924.437081431,localhost,C1E,1203965705,265146648497,40,1640
1790158924.437081431,localhost,C6,1788596732,266537656931252,40,1640
1790158924.437081431,localhost,POLL,3432931,125538295,40,1640
1790158925.500092189,localhost,C1,81489598,33269808641,40,1662
1790158925.500092189,localhost,C1E,1203978841,265185483543,40,1662
1790158925.500092189,localhost,C6,1788596732,266537656931252,40,1662
1790158925.500092189,localhost,POLL,3432979,125539505,40,1662
1790158925.506223007,localhost,C1,81489599,33269808641,40,1680
1790158925.506223007,localhost,C1E,1203978899,265185603703,40,1680
1790158925.506223007,localhost,C6,1788596732,266537656931252,40,1680
1790158925.506223007,localhost,POLL,3432979,125539505,40,1680
1790158926.569326797,localhost,C1,81489893,33269863080,40,1588
1790158926.569326797,localhost,C1E,1203989662,265219375751,40,1588
1790158926.569326797,localhost,C6,1788596732,266537656931252,40,1588
1790158926.569326797,localhost,POLL,3433000,125540212,40,1588
1790158926.565719394,localhost,C1,81489893,33269863080,40,1587
1790158926.565719394,localhost,C1E,1203989626,265219352268,40,1587
1790158926.565719394,localhost,C6,1788596732,266537656931252,40,1587
1790158926.565719394,localhost,POLL,3433000,125540212,40,1587
1790158927.635988385,localhost,C1,81490175,33269904343,40,1467
1790158927.635988385,localhost,C1E,1204000903,265274611575,40,1467
1790158927.635988385,localhost,C6,1788596732,266537656931252,40,1467
1790158927.635988385,localhost,POLL,3433051,125541829,40,1467
1790158927.635249059,localhost,C1,81490174,33269904343,40,1487
1790158927.635249059,localhost,C1E,1204000848,265274585554,40,1487
1790158927.635249059,localhost,C6,1788596732,266537656931252,40,1487
1790158927.635249059,localhost,POLL,3433050,125541829,40,1487
